<?xml version="1.0" encoding="UTF-8"?>

<mule xmlns:api-gateway="http://www.mulesoft.org/schema/mule/api-gateway" xmlns:ee="http://www.mulesoft.org/schema/mule/ee/core"
	xmlns:http="http://www.mulesoft.org/schema/mule/http"
	xmlns="http://www.mulesoft.org/schema/mule/core" xmlns:doc="http://www.mulesoft.org/schema/mule/documentation" xmlns:xsi="http://www.w3.org/2001/XMLSchema-instance" xsi:schemaLocation="http://www.mulesoft.org/schema/mule/core http://www.mulesoft.org/schema/mule/core/current/mule.xsd
http://www.mulesoft.org/schema/mule/http http://www.mulesoft.org/schema/mule/http/current/mule-http.xsd
http://www.mulesoft.org/schema/mule/ee/core http://www.mulesoft.org/schema/mule/ee/core/current/mule-ee.xsd
http://www.mulesoft.org/schema/mule/api-gateway http://www.mulesoft.org/schema/mule/api-gateway/current/mule-api-gateway.xsd">
	<http:listener-config name="HTTP_Listener_config" doc:name="HTTP Listener config" doc:id="cdeb61c3-f056-4946-893c-e3af599809ca" basePath="products" >
		<http:listener-connection host="0.0.0.0" port="8081" />
	</http:listener-config>
	<api-gateway:autodiscovery apiId="${api.id}" ignoreBasePath="true" doc:name="API Autodiscovery" doc:id="8d2c1d47-0756-4ffa-922b-840f9bdfe88e" flowRef="product_apiFlow" />
	<configuration-properties doc:name="Configuration properties" doc:id="c36699b4-9181-4eaa-88c1-ef9016df86c2" file="product-api-${env}.yaml" />
	<flow name="product_apiFlow" doc:id="f07a9d86-e2e1-4fc6-b9b6-ae9118093d5b" >
		<http:listener doc:name="Listener" doc:id="7536c982-6758-4eb2-9670-e4e170994001" config-ref="HTTP_Listener_config" path="item"/>
		<logger level="INFO" doc:name="Logger" doc:id="0468d2e0-a5ac-456e-86f9-e593dc41abd2" message="The flow has started"/>
		<ee:transform doc:name="Transform Message" doc:id="9920291e-a917-48ba-b3a2-cb9ee080f1e6" >
			<ee:message >
				<ee:set-payload ><![CDATA[%dw 2.0
output application/json
---
{
                "productId": "12345",
                "productName": "Ankush Mule course",
                "Productprovider": "udemy",
                "productDescription": "Complete Mule developer course"
}]]></ee:set-payload>
			</ee:message>
		</ee:transform>
		<logger level="INFO" doc:name="Logger" doc:id="f8a94266-10b2-44ef-bde7-b1f2553249c9" message="The flow has ended"/>
	</flow>
</mule>
